,intervention_group,mean_outcome_cvd,mean_adherence_pct
0,control,0.33652981720107883,60.6216884493112
1,treatment a,0.319482083709726,60.210173083716
2,treatment b,0.3336325553560742,61.009404388714735
