,site,age,bmi,systolic_bp
0,site a,56.36400541271989,25.875182735816217,117.35428370786516
1,site b,62.40195678760701,25.70668085106383,117.13067458633857
2,site c,57.31210805595755,25.789583333333333,117.97835933568193
3,site d,63.49100599600266,25.565682137834038,117.94366197183099
4,site e,57.064896755162245,25.47650158061117,117.50308008213553
